{"accuracy": 0.7333333333333333, "specificity": 0.4375, "sensitivity": 0.7865168539325843}