{"accuracy": 0.8666666666666667, "specificity": 0.375, "sensitivity": 0.9550561797752809}